PROFILE_ID,PROFILE_NAME,GENERATED_DESCRIPTION
960,Overall_Roaming_Flag_90D,"The Overall_Roaming_Flag_90D KPI measures whether a subscriber has roamed within the last 90 days. It's a categorical (java.lang.String) metric used in CVM rule engines to assess customer behavior, likely derived from call detail records. Its purpose is to inform roaming-related customer value management strategies."
961,Top_3rd_Country_Roaming_30D,"The 'Top_3rd_Country_Roaming_30D' KPI measures the top third country for roaming activity over the last 30 days, categorized as a string variable. It's used in CVM rule engines to assess subscriber roaming behavior, likely derived from CDRs, and is stored in a column named 'Top_3rd_Country_Roaming_30D'."
962,Top_2nd_Country_Roaming_30D,"Top_2nd_Country_Roaming_30D measures the top second country for roaming activity over 30 days, likely derived from CDRs, indicating customer roaming behavior and valuable for CVM campaign targeting, categorized under GROUP_ID 105 as a java.lang.String variable."
963,Top_1st_Country_Roaming_30D,"The Top_1st_Country_Roaming_30D KPI measures the top country for roaming activity over the last 30 days, likely derived from CDRs, and is used in CVM rule engines to identify high-value roaming customers, categorized as a string variable."
964,Roaming_Charges_30D,"Roaming_Charges_30D measures the total roaming charges incurred by a subscriber over 30 days, likely derived from call detail records. It's a numeric KPI used in CVM rule engines to assess customer value, with values stored as java.lang.Double."
965,Rev_Roaming_V_30D,"Revenue from roaming services over the last 30 days, a numeric KPI used in CVM rule engines to measure subscriber value, likely derived from call detail records, and stored as a Double type variable."
966,Payg_Rev_Roaming_Lst_30D,"Payg_Rev_Roaming_Lst_30D measures the total revenue generated by pay-as-you-go subscribers while roaming in the last 30 days. It's a numeric KPI, likely derived from call detail records, used in CVM rule engines to assess customer value and roaming revenue performance."
967,Voice_Roam_Rev_Lmtd,"Voice Roam Revenue Limited measures roaming voice revenue within a telecom CVM rule engine, likely derived from call detail records, stored as a Double value, and used to assess subscriber roaming behavior and revenue performance."
968,Voice_Roam_Rev_Mtd,"The Voice_Roam_Rev_Mtd KPI measures monthly roaming revenue from voice services, likely derived from call detail records. It's a numeric (java.lang.Double) metric used in CVM rule engines to assess subscriber value and tailor campaigns based on roaming revenue generation."
969,Roaming_Voice_Out_MOUs_90D,"Roaming_Voice_Out_MOUs_90D measures the total outgoing voice minutes of use for roaming subscribers over 90 days, likely derived from CDRs, stored as a java.lang.Double value, and used in CVM rule engines to assess customer value based on usage patterns."
970,Roaming_Voice_Out_MOUs_60D,"Roaming_Voice_Out_MOUs_60D measures the total outgoing voice minutes of use over 60 days, likely derived from CDRs, indicating roaming usage behavior. It's a numeric KPI used in CVM rule engines to assess customer value, with values stored as java.lang.Double."
971,Roaming_Voice_Out_MOUs_30D,"This KPI measures the total outgoing voice minutes of use (MOUs) for roaming subscribers over the last 30 days, likely derived from call detail records. It's a numeric value used in CVM rule engines to assess customer behavior and value."
972,Roaming_Voice_In_MOUs_90D,"Roaming_Voice_In_MOUs_90D measures the total voice minutes of usage for roaming subscribers over 90 days, likely derived from call detail records, and is used in CVM rule engines to assess customer value, with values stored as java.lang.Double."
973,Roaming_Voice_In_MOUs_60D,"Roaming_Voice_In_MOUs_60D measures the total voice minutes of usage for roaming subscribers over 60 days, likely derived from CDRs, stored as a Double value, and used in CVM rule engines to assess customer value and behavior."
974,Roaming_Voice_In_MOUs_30D,"Roaming Voice Minutes of Use in the last 30 days, a numeric KPI measuring subscriber voice usage while roaming, likely derived from CDRs, used in CVM rule engines to assess customer value and behavior."
975,Voice_Usg_Roam_Lmtd,"Measures the limited roaming voice usage for a telecom subscriber, likely derived from call detail records, stored as a numeric value, and used within a CVM rule engine to assess customer behavior and value."
976,Voice_Usg_Roam_Mtd,"This KPI measures the monthly roaming voice usage for a telecom subscriber, likely derived from call detail records. It's a numeric value used in CVM rule engines to assess customer behavior and tailor campaigns, capturing a key aspect of subscriber engagement and revenue generation."
977,Top_3rd_Favorite_Roaming_Countries_in_M1,"This KPI measures the top 3rd favorite roaming countries in month 1, indicating subscriber roaming behavior. It's a categorical variable derived from call detail records, used in CVM rule engines to identify valuable customers based on their roaming patterns."
978,Top_2nd_Favorite_Roaming_Countries_in_M1,"Top 2nd Favorite Roaming Countries in M1 measures the second most frequently used roaming country by a subscriber in the last month, indicating roaming behavior and preferences, used in CVM rule engine for targeted campaigns, stored as a string variable."
979,Top_1st_Favorite_Roaming_Countries_in_M1,"Top_1st_Favorite_Roaming_Countries_in_M1 measures the most frequently used roaming country by a subscriber in the last month, indicating roaming behavior and preferences. It's a categorical KPI used in CVM rule engines to personalize offers based on subscriber roaming patterns."
980,Top_3rd_Favorite_Roaming_Countries_in_M2,"This KPI measures the top 3rd favorite roaming countries in a month, indicating subscriber roaming behavior. It's a categorical metric, likely derived from call detail records, used in CVM rule engines to identify valuable customers based on their roaming patterns."
981,Top_2nd_Favorite_Roaming_Countries_in_M2,"Top 2nd Favorite Roaming Countries in M2 measures the second most frequently used roaming countries by subscribers over two months, indicating roaming behavior patterns. It's a categorical KPI used in CVM rule engines to tailor customer value management strategies based on roaming preferences."
982,Top_1st_Favorite_Roaming_Countries_in_M2,"This KPI measures the top favorite roaming countries for a customer in the last month, categorized as a string variable. It's used in a CVM rule engine to understand customer roaming behavior, likely derived from call detail records, and informs targeted marketing or retention strategies."
983,Top_3rd_Favorite_Roaming_Countries_in_MTD,"This KPI measures the top 3rd favorite roaming countries for a customer in the current month, indicating roaming behavior and preferences. It's a categorical metric used in CVM rule engines to tailor customer value management strategies based on roaming patterns."
984,Top_2nd_Favorite_Roaming_Countries_in_MTD,"This KPI measures the top 2nd favorite roaming countries for a customer in the current month, derived from call detail records, categorized as a string variable, likely used in CVM rule engines to identify customer roaming behavior patterns."
985,Top_1st_Favorite_Roaming_Countries_in_MTD,Top 1st Favorite Roaming Countries in MTD measures the most frequently visited country by a subscriber while roaming during the current month. It's a categorical KPI used in CVM rule engines to identify subscriber behavior and tailor marketing campaigns.
986,Roaming_Sms_Out_90D,"Roaming_Sms_Out_90D measures the count of outgoing SMS sent by subscribers while roaming over the last 90 days. It's a numeric KPI used in CVM rule engines to assess customer behavior and value. The integer values are likely derived from CDRs, indicating usage patterns."
987,Roaming_Sms_Out_60D,Roaming_Sms_Out_60D measures the count of outgoing SMS sent by subscribers while roaming over the last 60 days. It's a numeric KPI used in CVM rule engines to assess customer behavior and value. The metric is likely derived from CDRs and stored as an integer.
988,Roaming_Sms_Out_30D,The Roaming_Sms_Out_30D KPI measures the number of SMS sent by a subscriber while roaming over the last 30 days. It's a numeric value used in CVM rule engines to assess customer behavior and engagement. The metric is likely derived from CDRs and is used to inform targeted marketing campaigns.
989,Onnet_Sms_90D,"Onnet_Sms_90D measures the count of SMS sent to other subscribers on the same network over 90 days, likely derived from CDRs, used in CVM rule engines to assess customer engagement, with integer values indicating cumulative counts."
990,Onnet_Sms_60D,"Onnet_Sms_60D measures the count of SMS sent to on-network subscribers over 60 days, likely derived from CDRs, used in CVM rule engines to assess customer engagement, with integer values indicating frequency or volume, enabling telecom companies to analyze subscriber behavior and tailor marketing strategies."
991,Onnet_Sms_30D,"The Onnet_Sms_30D KPI measures the number of SMS sent to on-net subscribers within 30 days, likely derived from CDRs, and is used in CVM rule engines to assess customer engagement, with values stored as integers, indicating a usage metric."
992,Offnet_Sms_90D,"The Offnet_Sms_90D KPI measures the count of off-net SMS sent by a subscriber over the last 90 days, likely derived from CDRs, and is used in CVM rule engines to assess customer engagement and value, stored as an integer value."
993,Offnet_Sms_60D,"Offnet_Sms_60D measures the count of SMS sent to off-net numbers over 60 days, likely derived from CDRs, used in CVM rule engines to assess customer engagement and value, stored as an integer, indicating a cumulative count over a specific period."
994,Offnet_Sms_30D,"The Offnet_Sms_30D KPI measures the count of off-net SMS sent by a subscriber over the last 30 days. It's a numeric value, likely derived from call detail records, and is used in CVM rule engines to assess customer engagement and value."
995,Total_Sms_Rev_90D,"Total_Sms_Rev_90D measures the total revenue from SMS over 90 days, likely derived from call detail records. It's a numeric KPI used in CVM rule engines to assess subscriber value, with a cumulative temporal classification, indicating long-term SMS revenue generation."
996,Total_Sms_Rev_60D,"Total_Sms_Rev_60D measures the total revenue from SMS over 60 days, likely derived from call detail records. It's a numeric KPI used in CVM rule engines to assess subscriber value, with values stored as java.lang.Double, indicating a cumulative 60-day revenue metric."
997,Total_Sms_Rev_30D,"Total_Sms_Rev_30D measures the total revenue generated from SMS over 30 days, likely derived from call detail records. As a java.lang.Double, it's a numeric KPI used in CVM rule engines to assess subscriber value and engagement over a monthly period."
998,Sms_Roam_Rev_LMTD,"Sms_Roam_Rev_LMTD measures the limited SMS roaming revenue, likely derived from call detail records, stored as a Double value. It's used in CVM rule engines to assess subscriber behavior and revenue performance, possibly on a monthly basis, given its limited nature."
999,Sms_Roam_Rev_MTD,"Sms_Roam_Rev_MTD measures the total revenue from SMS roaming services for a customer on a month-to-date basis, likely derived from call detail records, categorized under GROUP_ID 105, stored as a java.lang.Double value, used in CVM rule engine for evaluating customer value."
1000,Days_Since_SMS_Last_Activity,"Days Since SMS Last Activity measures the number of days since a customer's last SMS activity, indicating engagement level. It's a numeric, integer-valued KPI used in CVM rule engines to assess customer interaction, likely derived from CDRs, and is crucial for targeted telecom campaigns."
1001,Total_Rev_Data_7,"Total_Rev_Data_7 measures the total revenue from data services over 7 days, likely derived from call detail records. It's a numeric KPI used in CVM rule engines to assess subscriber value, with values stored as java.lang.Double, enabling daily or cumulative analysis."
1002,Total_Rev_Data_1,"Total_Rev_Data_1 measures total revenue from data services, likely derived from call detail records. As a numeric KPI in CVM rule engine, it's used to assess subscriber value. Its double data type indicates precise revenue tracking, enabling targeted telecom campaigns."
1003,Total_Data_Rev_MTD,"Total_Data_Rev_MTD measures the total data revenue for a telecom subscriber on a month-to-date basis, likely derived from call detail records and stored as a numeric value, used in CVM rule engines to assess customer value and tailor marketing campaigns."
1004,Total_Data_Rev_LMTD,"Total_Data_Rev_LMTD measures the total data revenue for a telecom subscriber over a limited period, likely derived from call detail records, categorized under GROUP_ID 105, stored as a java.lang.Double value, used in CVM rule engines to assess customer value."
1005,Payg_Rev_Data_Lst_30D,"Payg_Rev_Data_Lst_30D measures the total PAYG revenue from the last 30 days, likely derived from call detail records. As a numeric KPI in a CVM rule engine, it assesses customer value and informs targeted marketing campaigns, capturing recent revenue trends."
1006,Data_PayG_Revenue_M1,"Data_PayG_Revenue_M1 measures monthly revenue from pay-as-you-go data services, likely derived from CDRs. It's a numeric KPI used in CVM rule engines to assess subscriber value. Its monthly aggregation helps telecom companies analyze revenue trends and tailor customer retention strategies."
1007,Data_Rev_WK8,"Data_Rev_WK8 measures weekly data revenue, likely derived from telecom call detail records, categorized under GROUP_ID 105, stored as a java.lang.Double value. It is used in CVM rule engines to assess subscriber data usage and revenue performance on a weekly basis."
1008,Data_Rev_WK7,"Data_Rev_WK7 measures weekly revenue data, likely derived from call detail records, as a numeric value. It's used in CVM rule engines to assess customer value, with its Double data type indicating precise revenue tracking, enabling targeted telecom campaigns."
1009,Data_Rev_WK6,"Data_Rev_WK6 measures weekly data revenue, likely derived from telecom call detail records, stored as a Double value. It's used in CVM rule engines to assess subscriber revenue performance on a weekly basis, enabling targeted marketing and customer value management strategies."
1010,Data_Rev_WK5,"Data_Rev_WK5 measures weekly data revenue, likely derived from telecom CDRs, categorized under GROUP_ID 105, stored as a java.lang.Double value. It's used in CVM rule engines to assess subscriber revenue, with its weekly temporal context enabling targeted marketing campaigns."
1011,Data_Rev_WK4,"Data_Rev_WK4 measures weekly revenue data, likely derived from call detail records, stored as a Double value. It's used in CVM rule engines to assess customer value, with its weekly data type indicating a periodic measurement, enabling telecom companies to track revenue trends."
1012,Data_Rev_WK3,"Data_Rev_WK3 measures weekly revenue data, likely derived from call detail records, as a numeric value. It's used in CVM rule engines to assess customer value, with its weekly temporal classification enabling periodic analysis and targeted marketing campaigns."
1013,Data_Rev_WK2,"Data_Rev_WK2 measures weekly revenue data, likely derived from call detail records or billing data, used in CVM rule engines to assess customer value. It's a numeric (java.lang.Double) KPI, grouped under ID 105, possibly tracking weekly revenue trends or patterns."
1014,Data_Rev_WK1,"Data_Rev_WK1 measures weekly data revenue, likely derived from telecom call detail records, categorized under GROUP_ID 105, stored as a java.lang.Double value, indicating its numeric nature, used in CVM rule engine to assess customer value."
1015,Data_Rev_90D,"Data_Rev_90D measures the total data revenue over the last 90 days, likely derived from call detail records, categorized under GROUP_ID 105, stored as a java.lang.Double value, indicating a numeric metric used in CVM rule engines to assess customer value and usage patterns."
1016,Data_Rev_60D,"Data_Rev_60D measures the total data revenue over 60 days, likely derived from call detail records, categorized under GROUP_ID 105, stored as a java.lang.Double value, indicating a numeric, cumulative metric used in CVM rule engines to assess customer value based on data usage revenue."
1017,Data_Rev_30D,"Data_Rev_30D measures the total data revenue generated from a customer over the last 30 days, likely derived from call detail records and recharge data, used in CVM rule engines to assess customer value with a numeric value of type java.lang.Double."
1018,Data_Rev_180D,"Data_Rev_180D measures the total data revenue over 180 days, likely derived from cumulative CDRs, indicating a customer's long-term data usage value, categorized under GROUP_ID 105, stored as a java.lang.Double, aiding CVM rule engines in assessing subscriber data consumption patterns."
1019,Data_Roam_Rev_MTD,"Data_Roam_Rev_MTD measures the total revenue generated from data roaming services for a telecom operator on a month-to-date basis. It's a numeric KPI, likely derived from call detail records, used in CVM rule engines to assess customer value and tailor marketing campaigns."
1020,Data_Roam_Rev_LMTD,"Data_Roam_Rev_LMTD measures the limited data roaming revenue, likely derived from call detail records, categorized under GROUP_ID 105, stored as a java.lang.Double value, used in CVM rule engines to assess subscriber roaming revenue performance."
1021,Hbb_Wfbb_Traffic_Gbs_LMTD,"Hbb_Wfbb_Traffic_Gbs_LMTD measures the total traffic in GB for Home Broadband and Wholesale Fixed Broadband services on a limited basis, likely derived from call detail records, used in CVM rule engines to assess customer value with a numeric value."
1022,Hbb_Wfbb_Traffic_Gbs_90D,"Hbb_Wfbb_Traffic_Gbs_90D measures the total broadband traffic in GB over 90 days, likely derived from CDRs, indicating customer usage patterns. It's a numeric KPI used in CVM rule engines to assess customer value, with values stored as java.lang.Double."
1023,Hbb_Wfbb_Traffic_Gbs_7D,"Hbb_Wfbb_Traffic_Gbs_7D measures the total broadband traffic in GB over 7 days, likely derived from aggregated call detail records. As a java.lang.Double value, it quantifies subscriber usage, aiding CVM rule engines in assessing customer value and tailoring telecom campaigns."
1024,Hbb_Wfbb_Traffic_Gbs_30D,"This KPI measures the total GigaBytes of Hbb and Wfbb traffic over 30 days, likely derived from aggregated call detail records. It's used in CVM rule engines to assess subscriber usage patterns, with values stored as doubles, enabling nuanced customer segmentation and targeting."
1025,Hbb_Wfbb_Traffic_Gbs_2nd_Last_Month,"This KPI measures the total HBB/WFBB traffic in GB for the second last month, likely derived from call detail records, and is used in CVM rule engines to assess subscriber usage patterns, with values stored as java.lang.Double."
1026,Data_Usg_MTD,"Data_Usg_MTD measures monthly data usage, likely derived from call detail records, stored as a Double value. It's used in CVM rule engines to assess subscriber behavior, with its value representing cumulative monthly data usage, enabling targeted telecom campaigns."
1027,Data_Usg_LMTD,"Data_Usg_LMTD measures a subscriber's limited data usage, likely derived from call detail records, categorized under GROUP_ID 105, stored as a java.lang.Double value, and is used within a CVM rule engine to assess customer behavior and tailor telecom services."
1028,Data_Gbs_Roaming_90D,"Data_Gbs_Roaming_90D measures the total data usage in GB over the last 90 days for roaming subscribers, likely derived from CDRs, and is used in CVM rule engines to assess customer value, with values stored as java.lang.Double."
1029,Data_Gbs_Roaming_60D,"Data_Gbs_Roaming_60D measures roaming data usage in GB over 60 days, likely derived from CDRs, stored as a Double value. It's used in CVM rule engines to assess customer data usage patterns, enabling targeted campaigns based on 60-day cumulative data consumption."
1030,Data_Gbs_Roaming_30D,"Measures roaming data usage in GB over 30 days, likely derived from CDRs, used in CVM rule engines to assess customer value, with values stored as java.lang.Double, indicating a numeric, potentially cumulative metric."
1031,Data_Gbs_Local_90D,"Data_Gbs_Local_90D measures local data usage in GB over 90 days, likely derived from CDRs, categorized under GROUP_ID 105, stored as a java.lang.Double value, indicating a numeric, cumulative metric used in CVM rule engines to assess subscriber data consumption patterns."
1032,Data_Gbs_Local_60D,"Data_Gbs_Local_60D measures local data usage in GB over 60 days, likely derived from CDRs, stored as a Double value. It's used in CVM rule engines to assess customer data consumption patterns, enabling targeted telecom campaigns based on 60-day usage trends."
1033,Data_Gbs_Local_30D,"The KPI 'Data_Gbs_Local_30D' measures local data usage in GB over 30 days, likely derived from call detail records. It's a numeric value used in CVM rule engines to assess customer data consumption patterns, aiding in targeted telecom campaigns and customer segmentation strategies."
1034,Data_Gbs_90D,"Data_Gbs_90D measures the total data usage in GB over 90 days, likely derived from CDRs, categorized under GROUP_ID 105, stored as a java.lang.Double value, indicating a customer's data consumption pattern, relevant for CVM rule engine to assess customer value and tailor campaigns."
1035,Data_Gbs_60D,"Data_Gbs_60D measures the total data usage in GB over 60 days, likely derived from CDRs, categorized under GROUP_ID 105, stored as a java.lang.Double value, used in CVM rule engines to assess subscriber data consumption patterns."
1036,Data_Gbs_30D,"Data_Gbs_30D measures the total data usage in GB over 30 days, likely derived from call detail records, categorized under GROUP_ID 105, stored as a java.lang.Double value, indicating a numeric metric for customer value management, possibly used to assess customer data consumption patterns."
1037,Days_Since_Last_Activity_Data,"Days_Since_Last_Activity_Data measures the number of days since a customer's last activity, likely derived from call detail records. It's a numeric (java.lang.Double) KPI used in CVM rule engines to assess customer engagement and value."
1038,Data_User_90D,"Data_User_90D measures the categorization of a subscriber as a data user within the last 90 days, likely derived from call detail records, used in CVM rule engines to assess customer value, with a categorical data type and a 90-day temporal classification."
1039,Data_User_60D,"Data_User_60D measures the categorization of a subscriber as a data user within the last 60 days, likely derived from usage patterns. It's used in CVM rule engines to identify valuable customers. The KPI is a categorical string variable without specific temporal aggregation."
1040,Data_User_30D,"The Data_User_30D KPI measures the number of users who have used data services within the last 30 days, likely derived from CDRs. It's a categorical metric used in CVM rule engines to assess customer engagement, with values stored as strings, enabling targeted marketing campaigns based on recent data usage behavior."
1041,Data_Usg_Roam_LMTD,"Data_Usg_Roam_LMTD measures roaming data usage, likely derived from CDRs, stored as a Double value. It's used in CVM rule engines to assess subscriber behavior, possibly on a cumulative basis, given its numeric type and association with GROUP_ID 105, indicating a usage-related KPI."
1042,Data_Usg_Roam_MTD,"Data_Usg_Roam_MTD measures monthly roaming data usage, likely derived from call detail records, as a java.lang.Double value. It's used in CVM rule engines to assess subscriber behavior, with its GROUP_ID 105 indicating a usage-related KPI, enabling targeted telecom campaigns."
1043,Favourite_Hour_Data_Usage_M1,"Favourite_Hour_Data_Usage_M1 measures the data usage during the most preferred hour, likely derived from call detail records, categorized under GROUP_ID 105, stored as a java.lang.Double value, indicating a numeric metric for customer value management."
1044,Favourite_Hour_Data_Usage_M2,"Favourite_Hour_Data_Usage_M2 measures the data usage during the most preferred hour, likely derived from call detail records. It's a numeric value used in CVM rule engines to analyze subscriber behavior, categorized under GROUP_ID 105, with values stored as java.lang.Double."
1045,Favourite_Hour_Data_Usage_MTD,"Favourite_Hour_Data_Usage_MTD measures the average data usage during the subscriber's favourite hour of the month-to-date, categorized under group 105, stored as a java.lang.Double value, likely derived from call detail records to inform CVM campaigns on usage patterns."
1046,Payg_Data_Revenue_M1,"Payg_Data_Revenue_M1 measures monthly revenue from pay-as-you-go data services, likely derived from call detail records. It's a numeric KPI used in CVM rule engines to assess subscriber value, with values stored as java.lang.Double, enabling revenue-based customer segmentation and targeting."
1047,Payg_Data_Revenue_M2,"Payg_Data_Revenue_M2 measures monthly revenue from pay-as-you-go data services, likely derived from call detail records. It's a numeric KPI used in CVM rule engines to assess subscriber value, with values stored as java.lang.Double, enabling revenue-based customer segmentation and targeting."
1048,Payg_Data_Revenue_M3,"Payg_Data_Revenue_M3 measures the average revenue generated from PAYG data services over three months, likely derived from call detail records. It's a numeric KPI used in CVM rule engines to assess customer value, with a monthly temporal classification."
1049,Revenue_90D,"Revenue_90D measures the total revenue generated by a subscriber over the last 90 days, likely derived from call detail records or billing data. It's a numeric KPI used in CVM rule engines to assess customer value, with a cumulative temporal classification."
1050,Revenue_60D,"Revenue_60D measures the total revenue generated by a customer over 60 days, likely derived from call detail records and stored as a java.lang.Double value. It's used in CVM rule engines to assess customer value, with its temporal relevance spanning 60 days."
1051,Revenue_30D,"Revenue_30D measures the total revenue generated from a customer over the last 30 days, likely derived from call detail records and recharge data. It's a numeric KPI used in CVM rule engines to assess customer value, with a rolling monthly temporal classification."
1052,Revenue_7D,"Revenue_7D measures the total revenue generated over 7 days, likely derived from call detail records, categorized under GROUP_ID 105, stored as a java.lang.Double value, indicating a numeric, time-based metric used in CVM rule engines to assess customer value."
1053,Revenue_180D,"Revenue_180D measures the total revenue generated by a subscriber over the last 180 days, likely derived from call detail records and recharge data, used in CVM rule engines to assess customer value, with values stored as java.lang.Double, indicating a cumulative numeric metric."
1054,Days_Since_Last_Activity,"Days Since Last Activity measures the number of days since a customer's last telecom activity, likely derived from call detail records. It's a numeric KPI used in CVM rule engines to assess customer engagement, with integer values indicating the duration since the last activity."
1055,Onetime_Revenue_M1,"Onetime_Revenue_M1 measures a customer's one-time revenue in the last month, likely derived from transactional data, used in CVM rule engines to assess revenue performance, categorized under GROUP_ID 105, stored as a java.lang.Double value."
1056,Usage_Revenue_M1,"Usage_Revenue_M1 measures monthly revenue generated from subscriber usage, likely derived from call detail records. As a numeric KPI in a CVM rule engine, it informs customer value management decisions with a monthly temporal classification."
1057,Discount_M1,"Discount_M1 is a numeric KPI measuring a subscriber's discount-related metric, likely derived from call detail records, categorized under group 105, and stored as a Double value, used in CVM rule engines to assess customer value."
1058,Total_Revenue_MTD,"Total Revenue MTD measures the cumulative revenue generated from subscribers within the current month. It's a numeric KPI, likely derived from call detail records and recharge data, used in CVM rule engines to assess customer value and tailor marketing strategies."
1059,Total_Revenue_LMTD,"Total Revenue LMTD measures a telecom subscriber's total revenue, likely derived from call detail records, categorized under group 105, stored as a java.lang.Double value, used in CVM rule engines to assess customer value."
1060,Revenue_M1,"Revenue_M1 is a monthly revenue metric, likely derived from call detail records, used in CVM rule engines to measure subscriber transaction performance. It's a numeric value stored in the Revenue_M1 column, grouped under ID 105, indicating its relevance to revenue-related KPIs."
1061,Allocated_rental_Revenue_M1,"Allocated_rental_Revenue_M1 measures monthly allocated rental revenue, likely derived from customer subscription plans. It's a numeric KPI used in CVM rule engines to assess customer value. Its monthly aggregation helps telecom companies analyze revenue patterns and tailor targeted marketing campaigns."
1062,Onetime_Revenue_M2,"Onetime_Revenue_M2 measures one-time revenue for a telecom customer, likely derived from transactional data. It's a numeric KPI used in CVM rule engines to assess customer value. Its monthly aggregation enables analysis of revenue trends and customer segmentation."
1063,Usage_Revenue_M2,"Usage_Revenue_M2 measures monthly revenue generated from subscriber usage, likely derived from call detail records. As a numeric KPI in a CVM rule engine, it informs customer value management campaigns, with values stored as doubles, enabling revenue-based customer segmentation and targeting."
1064,Discount_M2,"Discount_M2 is a numeric KPI measuring a specific aspect of customer value, likely related to discounts or promotions, stored as a Double value, used in CVM rule engines to assess customer behavior or transaction performance."
1065,Allocated_rental_Revenue_M2,"Allocated_rental_Revenue_M2 measures monthly allocated rental revenue, likely derived from customer subscription plans. It's a numeric KPI used in CVM rule engines to assess customer value. Its monthly aggregation helps telecom companies evaluate revenue streams and tailor targeted marketing campaigns."
1066,Onetime_Revenue_M3,"Onetime_Revenue_M3 measures the one-time revenue generated over three months, likely derived from transactional data. It's a numeric KPI used in CVM rule engines to assess customer value, with values stored as java.lang.Double, enabling revenue-based customer segmentation and targeting."
1067,Usage_Revenue_M3,"Usage_Revenue_M3 measures the total revenue generated from subscriber usage over three months. It's a numeric KPI, likely derived from call detail records and usage patterns, used in CVM rule engines to assess customer value. Its monthly aggregation helps in understanding revenue trends."
1068,Discount_M3,"Discount_M3 is a numeric KPI measuring a subscriber's discount-related metric, likely derived from call detail records, stored as a Double value. It's used in CVM rule engines to assess customer value, with its temporal characteristics unknown."
1069,Allocated_rental_Revenue_M3,"Allocated_rental_Revenue_M3 measures the allocated rental revenue over a 3-month period, likely derived from customer usage data. It's a numeric KPI used in CVM rule engines to assess customer value, with values stored as java.lang.Double, enabling revenue-based customer segmentation and targeting."
1070,Tot_Rev_WK1,"Tot_Rev_WK1 measures total revenue in the first week, likely derived from call detail records, used in CVM rule engines to assess customer value, categorized under GROUP_ID 105, stored as a java.lang.Double, indicating a numeric weekly metric for telecom customer value management."
1071,Tot_Rev_WK2,"Tot_Rev_WK2 measures the total revenue for a telecom subscriber in week 2, likely derived from call detail records or billing data, used in CVM rule engines to assess customer value, categorized under group 105, stored as a java.lang.Double value."
1072,Tot_Rev_WK3,"Tot_Rev_WK3 measures the total revenue for a customer over a specific week, likely derived from call detail records or billing data. As a numeric KPI in a CVM rule engine, it assesses customer value, categorized under group 105, with values stored as java.lang.Double."
1073,Tot_Rev_WK4,"Tot_Rev_WK4 measures the total revenue for a customer over a 4-week period, likely derived from call detail records or billing data. As a numeric KPI in a CVM rule engine, it assesses customer value and informs targeted marketing campaigns."
1074,Tot_Rev_WK5,"Tot_Rev_WK5 measures total revenue in week 5, likely derived from call detail records or billing data, used in CVM rule engines to assess customer value, with values stored as java.lang.Double, indicating a numeric, possibly cumulative metric."
1075,Tot_Rev_WK6,"Total revenue in week 6, a numeric KPI measuring subscriber revenue, likely derived from call detail records, used in CVM rule engines to assess customer value, with values stored as java.lang.Double."
1076,Tot_Rev_WK7,"Tot_Rev_WK7 measures the total revenue for a specific week, likely derived from call detail records or billing data. As a numeric KPI in a CVM rule engine, it's used to assess customer value, with its double data type indicating precise revenue calculations."
1077,Tot_Rev_WK8,"Total Revenue in Week 8, a numeric KPI measuring subscriber revenue, likely derived from call detail records, used in CVM rule engines to assess customer value, with values stored as java.lang.Double, indicating a weekly aggregation."
1078,Vas_Rev_90D,"Vas_Rev_90D measures the total VAS revenue over 90 days, likely derived from CDRs, categorized under GROUP_ID 105, stored as a java.lang.Double value, indicating a numeric, cumulative metric used in CVM rule engines to assess customer value and revenue trends."
1079,360_Msisdn,"The 360_Msisdn KPI measures a unique subscriber identifier, likely derived from telecom call detail records, used in CVM rule engines to track customer behavior and engagement, categorized under group 105, stored as a java.lang.String, enabling analysis and targeting of specific customers."
1080,360_Cust_Sub_Id,"The 360_Cust_Sub_Id is a unique customer identifier used in telecom CVM rule engines, likely derived from subscriber data. It's a string variable, potentially used for customer segmentation or personalization, with no specific temporal classification."
1081,360_Id_Sbsc,"The 360_Id_Sbsc KPI measures a subscriber's identifier score or value, likely derived from usage or transaction data, categorized under group 105, stored as an integer, and is used within a CVM rule engine to assess customer value or behavior."
1082,360_Line_Type,"The 360_Line_Type KPI measures the type of telecom line, likely derived from call detail records, categorized as a string variable, used in CVM rule engines to segment customers based on line characteristics, enabling targeted marketing and customer value management strategies."
1083,360_Voice_Rev_WK1,"The '360_Voice_Rev_WK1' KPI measures weekly voice revenue, likely derived from call detail records. It's a numeric (java.lang.Double) metric used in CVM rule engines to assess subscriber revenue generation. Its weekly temporal classification enables analysis of short-term revenue trends."
1084,360_Voice_Rev_WK2,"The '360_Voice_Rev_WK2' KPI measures weekly voice revenue, likely derived from call detail records, stored as a double value. It's used in CVM rule engines to assess subscriber revenue generation, with its weekly temporal classification enabling targeted marketing campaigns."
1085,360_Voice_Rev_WK3,"The '360_Voice_Rev_WK3' KPI measures weekly voice revenue for a telecom customer, likely derived from call detail records. It's a numeric (java.lang.Double) metric used in CVM rule engines to assess customer value, with a weekly temporal classification."
1086,360_Voice_Rev_WK4,"The '360_Voice_Rev_WK4' KPI measures the revenue generated from voice services over a four-week period, likely derived from call detail records. It's a numeric value used in CVM rule engines to assess customer value and tailor marketing strategies."
1087,360_Voice_Rev_WK5,"360_Voice_Rev_WK5 measures weekly voice revenue, likely derived from call detail records, stored as a Double value. It's used in CVM rule engines to assess subscriber revenue generation, grouped under ID 105, with a numeric, non-temporal classification."
1088,360_Voice_Rev_WK6,"The '360_Voice_Rev_WK6' KPI measures weekly voice revenue for a telecom subscriber, likely derived from call detail records. It's a numeric value (java.lang.Double) used in CVM rule engines to assess customer value, with its relevance tied to a specific weekly cycle."
1089,360_Voice_Rev_WK7,"The 360_Voice_Rev_WK7 KPI measures weekly voice revenue, likely derived from call detail records, and is used in CVM rule engines to assess subscriber value. It's a numeric value (java.lang.Double) representing revenue for a specific week, aiding in targeted telecom campaigns."
1090,360_Voice_Rev_WK8,"The 360_Voice_Rev_WK8 KPI measures the total voice revenue for a given week (WK8), likely derived from call detail records. It's a numeric (java.lang.Double) value used in CVM rule engines to assess customer voice usage revenue, aiding in targeted telecom marketing campaigns."
1091,360_Total_Rev_Voice_1,"Total_Rev_Voice_1 measures the total revenue generated from voice services, likely derived from call detail records. It's a numeric KPI used in CVM rule engines to assess customer value. Its double data type allows for precise revenue tracking, enabling targeted telecom marketing campaigns."
1092,360_Total_Rev_Voice_7,"Total_Rev_Voice_7 measures the total revenue generated from voice services over a 7-day period, likely derived from call detail records. It's a numeric KPI used in CVM rule engines to assess customer value, with values stored as java.lang.Double."
1093,360_Total_Rev_Voice_30,"Total_Rev_Voice_30 measures the total revenue generated from voice services over the last 30 days, likely derived from call detail records, categorized under GROUP_ID 105, stored as a java.lang.Double value, used in CVM rule engines to assess customer value and tailor telecom offers."
1094,360_Total_Rev_Voice_60,"Total_Rev_Voice_60 measures the total revenue generated from voice services over 60 days, likely derived from call detail records. It's a numeric KPI used in CVM rule engines to assess customer value, with values stored as java.lang.Double, enabling revenue-based customer segmentation and targeting."
1095,360_Total_Rev_Voice_90,"Total_Rev_Voice_90 measures the total revenue generated from voice services over the last 90 days, likely derived from call detail records, stored as a java.lang.Double value, and used in CVM rule engines to assess customer value and usage patterns."
1096,360_Total_Rev_Voice_180,"Total_Rev_Voice_180 measures the total revenue generated from voice services over 180 days, likely derived from call detail records, categorized under GROUP_ID 105, stored as a java.lang.Double value, used in CVM rule engines to assess customer value and loyalty."
1097,360_Rev_Onnet_V_Out_30D,"Revenue from on-net voice calls to outside networks within the last 30 days, a numeric KPI used in CVM rule engines to measure customer value, derived from call detail records, and stored as a java.lang.Double value."
1098,360_Rev_Offnet_V_Out_30D,"Revenue from off-net voice outgoing calls in the last 30 days, a numeric KPI used in telecom CVM rule engines to measure customer value, likely derived from CDRs, and stored as a java.lang.Double value."
1099,360_Payg_Rev_Voice_Lst_30D,"This KPI measures the total pay-as-you-go revenue from voice services for the last 30 days, likely derived from call detail records. It's a numeric value used in CVM rule engines to assess customer value, with a focus on recent voice service usage."
1100,360_Onnet_Voice_Rev_30D,"The 360_Onnet_Voice_Rev_30D KPI measures the total on-net voice revenue over 30 days, likely derived from call detail records. It's a numeric value used in CVM rule engines to assess customer voice usage and revenue contribution, enabling targeted telecom campaigns."
1101,360_Onnet_Voice_Rev_60D,"The KPI '360_Onnet_Voice_Rev_60D' measures the revenue generated from on-net voice services over 60 days, likely derived from call detail records. It's a numeric value used in CVM rule engines to assess customer value, with a temporal classification of 60 days."
1102,360_Onnet_Voice_Rev_90D,"The 360_Onnet_Voice_Rev_90D KPI measures the total on-net voice revenue over the last 90 days, likely derived from call detail records, and is used in CVM rule engines to assess customer value, with values stored as doubles."
1103,360_Offnet_Voice_Rev_30D,"The 360_Offnet_Voice_Rev_30D KPI measures the total off-net voice revenue over 30 days, likely derived from call detail records. It's a numeric value used in CVM rule engines to assess customer value, with a temporal classification of 30 days."
1104,360_Offnet_Voice_Rev_60D,"The 360_Offnet_Voice_Rev_60D KPI measures the total off-net voice revenue over 60 days, likely derived from call detail records. It's a numeric value used in CVM rule engines to assess customer value, with a focus on recent revenue performance."
1105,360_Offnet_Voice_Rev_90D,"The KPI '360_Offnet_Voice_Rev_90D' measures the total off-net voice revenue over 90 days, likely derived from call detail records. It's a numeric value used in CVM rule engines to assess customer value, with a temporal classification of cumulative 90-day data."
1106,360_Local_Voice_Rev_MTD,"360 Local Voice Revenue Month-to-Date (MTD) measures the total revenue generated from local voice services within the telecom CVM rule engine, likely derived from call detail records, stored as a java.lang.Double value, and used to assess customer value and usage patterns."
1107,360_Local_Voice_Rev_LMTD,"360_Local_Voice_Rev_LMTD measures limited local voice revenue, likely derived from call detail records, categorized under group 105, stored as a Double value. It's used in CVM rule engines to assess subscriber voice usage, possibly on a cumulative basis, informing targeted telecom campaigns."
1108,360_Local_Voice_Plan_Rev_MTD,"360 Local Voice Plan Revenue Month-To-Date (MTD) measures the total revenue generated from local voice plans. It's a numeric value, likely derived from call detail records, used in CVM rule engines to assess customer value. Its monthly aggregation helps telecom companies track revenue trends and optimize marketing strategies."
1109,360_Local_Voice_Plan_Rev_LMTD,"The '360 Local Voice Plan Revenue Limited' KPI measures monthly local voice plan revenue, likely derived from call detail records. It's a numeric value used in CVM rule engines to assess customer value and tailor telecom offers."
1110,360_Local_Voice_Payg_Rev_MTD,"360 Local Voice Payg Rev MTD measures monthly local voice revenue for pay-as-you-go subscribers, likely derived from call detail records. It's used in CVM rule engines to assess customer value, with values stored as doubles, enabling revenue-based customer segmentation and targeting."
1111,360_Local_Voice_Payg_Rev_LMTD,"Local_Voice_Payg_Rev_LMTD measures limited local voice revenue on pay-as-you-go plans, likely derived from call detail records. It's a numeric KPI used in CVM rule engines to assess customer value, with a double data type, enabling revenue-based customer segmentation and targeting."
1112,360_Onnet_Voice_MoUs_30D,"This KPI measures the total on-net voice minutes of use over 30 days, likely derived from call detail records. It's a numeric value used in CVM rule engines to assess customer voice usage behavior, enabling targeted telecom campaigns based on 30-day usage patterns."
1113,360_Onnet_Voice_MoUs_60D,"This KPI measures the total on-net voice minutes of use over the last 60 days, likely derived from call detail records. It's a numeric value used in CVM rule engines to assess customer voice usage behavior, helping tailor telecom offers or retention strategies."
1114,360_Onnet_Voice_MoUs_90D,"This KPI measures the total on-net voice minutes of use over the last 90 days, likely derived from call detail records. It's a numeric value used in CVM rule engines to assess customer voice usage patterns and value."
1115,360_Offnet_Voice_MoUs_30D,"Measures the total off-net voice minutes of use over 30 days, likely derived from call detail records. Used in CVM rule engines to assess customer voice usage patterns. It's a numeric value representing a 30-day cumulative measure."
1116,360_Offnet_Voice_MoUs_60D,"This KPI measures the total off-net voice minutes of use over 60 days, likely derived from call detail records. It's a numeric value used in CVM rule engines to assess customer usage patterns and value, relevant for telecom campaign targeting and customer segmentation strategies."
1117,360_Offnet_Voice_MoUs_90D,"This KPI measures the total off-net voice minutes of use over the last 90 days, likely derived from call detail records. It's a numeric value used in CVM rule engines to assess customer voice usage patterns and value."
1118,360_Local_Voice_Usg_MTD,"This KPI measures the monthly total local voice usage for a telecom subscriber, likely derived from call detail records. It's a numeric value used in CVM rule engines to assess customer behavior and value. The metric is categorized under group 105 and is of type java.lang.Double."
1119,360_Local_Voice_Usg_LMTD,"360_Local_Voice_Usg_LMTD measures limited local voice usage, likely derived from call detail records, stored as a Double value. It's used in CVM rule engines to assess subscriber behavior, possibly on a cumulative basis, to inform targeted telecom campaigns."
1120,360_Hbb_Wfbb_Voice_Traffic_MoUs_7D,"Measures the total voice traffic in minutes of use (MoUs) for customers with high-speed broadband (Hbb) and fiber-to-the-home broadband (Wfbb) over a 7-day period, likely derived from CDRs, used in CVM rule engines to assess customer usage patterns and value."
1121,360_Hbb_Wfbb_Voice_Traffic_MoUs_30D,"This KPI measures the total voice traffic in minutes of usage (MoUs) over the last 30 days for customers with high-bandwidth broadband (Hbb) and wireless fiber broadband (Wfbb) connections, likely derived from call detail records, and is used in CVM rule engines to assess customer value and usage patterns."
1122,360_Hbb_Wfbb_Voice_Traffic_MoUs_90D,"This KPI measures the total voice traffic in minutes of use (MoUs) for customers with high-speed broadband (Hbb) and fiber broadband (Wfbb) over the last 90 days, likely derived from call detail records, and is used in CVM rule engines to assess customer value and usage patterns."
1123,360_Hbb_Wfbb_Voice_Traffic_MoUs_Last_Month,"This KPI measures the total voice traffic in minutes of usage (MoUs) for customers with 360-degree Home Broadband (Hbb) and Wireless Fiber Broadband (Wfbb) services over the last month, likely derived from call detail records, and is used in CVM rule engines to assess customer value and behavior."
1124,360_Hbb_Wfbb_Voice_Traffic_MoUs_Sec_Last_Month,"Measures the total voice traffic in seconds for customers with high-speed broadband (Hbb) and fixed wireless broadband (Wfbb) services over the last month, indicating usage patterns and customer engagement for telecom CVM rule engine."
1125,360_Days_Since_Last_Activity_Voice,"This KPI measures the number of days since a customer's last voice activity, likely derived from call detail records. It's used in CVM rule engines to assess customer engagement, with integer values indicating the duration since last voice activity."
1126,360_Fav_Hour_Voice_Usage_M1,"This KPI measures the favorite hour voice usage for a subscriber over a month, likely derived from call detail records. It's used in CVM rule engines to analyze subscriber behavior, with values stored as integers, enabling monthly analysis of usage patterns."
1127,360_Fav_Hour_Voice_Usage_M2,"This KPI measures the average voice usage during the favorite hour in the last two months, likely derived from call detail records. It's used in CVM rule engines to analyze subscriber behavior, with values stored as integers, enabling targeted marketing campaigns based on usage patterns."
1128,360_Fav_Hour_Voice_Usage_MTD,"This KPI measures the monthly average voice usage during the subscriber's favorite hour, likely derived from call detail records. It's a numeric value used in CVM rule engines to assess customer behavior and tailor campaigns, capturing temporal patterns in voice usage."
1129,360_Most_Idd_Country_30D,"The '360_Most_Idd_Country_30D' KPI measures the most frequent international call destination country for a subscriber over the last 30 days, categorized as a string, likely derived from call detail records, and used in CVM rule engines to analyze international usage patterns."
1130,360_Most_Idd_Country_60D,"The '360_Most_Idd_Country_60D' KPI measures the most frequent international call destination country for a subscriber over the last 60 days, categorized as a java.lang.String, likely derived from CDRs, and used in CVM rule engines to analyze international calling patterns."
1131,360_Most_Idd_Country_90D,"The '360_Most_Idd_Country_90D' KPI measures the most frequent international call destination country for a subscriber over the last 90 days, categorized as a java.lang.String, likely derived from CDRs, and used in CVM rule engines to identify key international calling patterns."
1132,360_Top_2nd_Country_Idd_30D,"The '360_Top_2nd_Country_Idd_30D' KPI measures the top second country for international direct dialing (IDD) calls over the last 30 days, categorized as a string variable. It's used in CVM rule engines to analyze subscriber behavior and international call patterns."
1133,360_Top_2nd_Country_Idd_60D,"The '360_Top_2nd_Country_Idd_60D' KPI measures the top second country for international direct dialing (IDD) calls over the last 60 days, categorized as a string variable, likely used in CVM rule engines to analyze customer international calling behavior and preferences."
1134,360_Top_2nd_Country_Idd_90D,"The '360_Top_2nd_Country_Idd_90D' KPI measures the top second country for international direct dialing over the last 90 days, categorized as a string variable. It's used in CVM rule engines to analyze subscriber behavior and international calling patterns."
1135,360_Top_3rd_Country_Idd_30D,"This KPI measures the top 3rd country international direct dialing (IDD) usage within the last 30 days, categorized as a string variable. It's likely derived from call detail records and used in CVM rule engines to assess customer international calling behavior."
1136,360_Top_3rd_Country_Idd_60D,"This KPI measures the top 3rd country international direct dialing (IDD) usage within 60 days, likely derived from call detail records. It's a categorical variable used in CVM rule engines to assess subscriber behavior and international usage patterns."
1137,360_Top_3rd_Country_Idd_90D,"The '360_Top_3rd_Country_Idd_90D' KPI measures the top third country for international direct dialing (IDD) calls over the last 90 days, categorized as a string variable, likely used in CVM rule engines to analyze customer international calling behavior and value."
1138,360_Idd_User_30D,"The '360_Idd_User_30D' KPI measures the count or status of international direct dialing (IDD) users within the last 30 days. It's a categorical string metric, likely derived from call detail records, used in CVM rule engines to assess customer value based on recent IDD activity."
1139,360_Idd_User_60D,"The '360_Idd_User_60D' KPI measures the international direct dialing (IDD) usage over the last 60 days, categorized as a string variable. It's used in CVM rule engines to assess subscriber behavior, likely derived from call detail records, and is part of the '105' KPI group."
1140,360_Idd_User_90D,"The '360_Idd_User_90D' KPI measures the count or classification of international direct dialing (IDD) users over the last 90 days, likely derived from call detail records. It's used in CVM rule engines to identify valuable customer segments based on recent IDD usage, categorized as a string variable."
1141,360_Idd_Uae_Calling_Flag_30D,"The 360_Idd_Uae_Calling_Flag_30D KPI measures whether a customer has made international calls to UAE within the last 30 days, categorized as a boolean flag, likely derived from CDRs, and used in CVM rule engines to identify engaged or valuable customers."
1142,360_Idd_Uae_Calling_Flag_60D,"This KPI measures whether a customer has made an international call to UAE within the last 60 days. It's a categorical flag derived from call detail records, stored as a string, indicating customer behavior relevant to CVM rule engines for targeted marketing or retention strategies."
1143,360_Idd_Uae_Calling_Flag_90D,"This KPI measures whether a customer has made an international call to UAE within the last 90 days. It's a categorical flag derived from call detail records, stored as a string, indicating customer behavior relevant to CVM campaigns targeting international calling patterns."
1144,360_Idd_Pakistan_Calling_Flag_30D,"This KPI measures whether a customer has made international calls to Pakistan within the last 30 days, indicated by a flag stored as a string variable, likely used in CVM rule engines to identify and target specific customer behaviors or preferences."
1145,360_Idd_Pakistan_Calling_Flag_60D,"This KPI measures whether a customer has made international calls to Pakistan within the last 60 days, indicated by a flag stored as a string value, used in CVM rule engines to assess customer behavior and tailor marketing strategies."
1146,360_Idd_Pakistan_Calling_Flag_90D,"This KPI measures whether a customer has made international calls to Pakistan in the last 90 days, indicated by a flag stored as a string. It's used in CVM rule engines to assess customer behavior and value."
1147,360_Idd_India_Calling_Flag_30D,"This KPI measures whether a customer has made an international call to India in the last 30 days, indicated by a flag. It's a categorical variable used in CVM rule engines to assess customer behavior and tailor marketing strategies."
1148,360_Idd_India_Calling_Flag_60D,"This KPI measures whether a customer has made international calls to India within the last 60 days, indicated by a flag. It's a categorical variable used in CVM rule engines to assess customer behavior and tailor marketing strategies."
1149,360_Idd_India_Calling_Flag_90D,"This KPI measures whether a customer made an international call to India in the last 90 days, indicated by a flag stored as a string. It's used in CVM rule engines to assess customer behavior and value."
1150,360_Idd_Bangladesh_Calling_Flag_30D,"The 360_Idd_Bangladesh_Calling_Flag_30D KPI measures whether a customer has made international calls to Bangladesh within the last 30 days, indicating their engagement in specific cross-border telecom activities, likely derived from call detail records and used in CVM rule engines for targeted marketing."
1151,360_Idd_Bangladesh_Calling_Flag_60D,"This KPI measures whether a customer has made international calls to Bangladesh within the last 60 days, indicated by a flag. It's a categorical variable used in CVM rule engines to identify specific customer behavior, likely derived from call detail records."
1152,360_Idd_Bangladesh_Calling_Flag_90D,"This KPI measures whether a customer has made international calls to Bangladesh within the last 90 days, indicated by a flag stored as a string. It's used in CVM rule engines to assess customer behavior and tailor marketing strategies."
1153,360_Idd_Egypt_Calling_Flag_90D,"This KPI measures whether a customer has made international calls to Egypt within the last 90 days. It's a categorical flag derived from call detail records, stored as a string, and used in CVM rule engines to identify specific customer behavior patterns."
1154,360_Idd_Yemen_Calling_Flag_90D,"This KPI measures whether a customer has made international calls to Yemen within the last 90 days. It's a categorical flag derived from call detail records, stored as a string, and used in CVM rule engines to identify specific customer behavior or usage patterns."
1155,360_Idd_Turkey_Calling_Flag_90D,"This KPI measures whether a customer has made international calls to Turkey within the last 90 days, indicated by a flag stored as a string. It's used in CVM rule engines to assess customer behavior and value."
1156,360_Idd_Sri_Lanka_Calling_Flag_90D,"This KPI measures whether a customer has made international calls to Sri Lanka within the last 90 days, indicated by a flag. It's a categorical variable used in CVM rule engines to assess customer behavior and tailor marketing strategies."
1157,360_Idd_Sudan_Calling_Flag_90D,"This KPI measures whether a customer has made IDD calls to Sudan within the last 90 days. It's a categorical flag derived from call detail records, stored as a string, and used in CVM rule engines to assess customer behavior and tailor marketing strategies."
1158,360_Idd_Saudi_Arabia_Calling_Flag_90D,"This KPI measures whether a customer has made an international call to Saudi Arabia within the last 90 days, indicated by a flag stored as a string value, used in CVM rule engines to assess customer behavior and value."
1159,360_Idd_Voice_Rev_30D,"This KPI measures the total international direct dialed (IDD) voice revenue over the last 30 days, likely derived from call detail records. It's a numeric value used in CVM rule engines to assess customer value, with a focus on recent revenue performance."
1160,360_Idd_Voice_Rev_60D,"This KPI measures the total International Direct Dialing (IDD) voice revenue over the last 60 days, likely derived from call detail records. It's a numeric value used in CVM rule engines to assess customer value, with a focus on recent revenue performance."
1161,360_Idd_Voice_Rev_90D,"The '360_Idd_Voice_Rev_90D' KPI measures the total revenue generated from international direct dial (IDD) voice calls over the last 90 days. It's a numeric value, likely derived from call detail records, and is used in CVM rule engines to assess customer value based on long-term IDD voice usage."
1162,360_Idd_Voice_Rev_180D,"The '360_Idd_Voice_Rev_180D' KPI measures the total international direct dialing (IDD) voice revenue over the last 180 days, likely derived from call detail records. It's a numeric value used in CVM rule engines to assess customer value and behavior over a specific time frame."
1163,360_Payg_Rev_Idd_Voice_Lst_30D,"The '360_Payg_Rev_Idd_Voice_Lst_30D' KPI measures the total pay-as-you-go revenue from international direct dialing (IDD) voice calls over the last 30 days, indicating customer usage and revenue generation, likely derived from call detail records, and is used in CVM rule engines to assess customer value."
1164,360_Idd_Voice_MoU_30D,"This KPI measures the total International Direct Dialing (IDD) voice minutes of use over the last 30 days, likely derived from call detail records. It's a numeric value used in Customer Value Management to assess subscriber usage patterns and inform targeted marketing campaigns."
1165,360_Idd_Voice_MoU_60D,"This KPI measures the total International Direct Dialing (IDD) voice minutes of use over the last 60 days, likely derived from call detail records. It's a numeric value used in CVM rule engines to assess customer usage patterns and value."
1166,360_Idd_Voice_MoU_90D,"Measures the total international call minutes over the last 90 days, likely derived from call detail records, used in CVM rule engines to assess customer value, with values stored as doubles, indicating a numeric, potentially cumulative metric."
1167,360_Idd_Voice_Rev_MTD,"This KPI measures the monthly total revenue from international direct dial (IDD) voice calls, likely derived from call detail records. It's used in CVM rule engines to assess subscriber value, with values stored as a Double type, indicating a numeric measurement."
1168,360_Idd_Voice_Rev_LMTD,"This KPI measures the limited international direct dialing (IDD) voice revenue, likely derived from call detail records, and is used in customer value management to assess subscriber behavior and revenue performance, categorized under group 105 with values stored as java.lang.Double."
1169,360_Idd_Payg_Voice_Rev_MTD,"Idd_Payg_Voice_Rev_MTD measures monthly IDD pay-as-you-go voice revenue, likely derived from call detail records. As a numeric KPI in a CVM rule engine, it assesses subscriber revenue generation, informing targeted marketing and retention strategies."
1170,360_Idd_Payg_Voice_Rev_LMTD,"Idd_Payg_Voice_Rev_LMTD measures the limited, pay-as-you-go international direct dialing voice revenue, likely derived from call detail records, used in CVM rule engines to assess customer value, with values stored as java.lang.Double, indicating a numeric, potentially cumulative or periodic metric."
1171,360_Idd_Voice_MoU_MTD,"This KPI measures the total International Direct Dialing (IDD) voice minutes of use for the month-to-date (MTD), likely derived from call detail records. It's a numeric value used in Customer Value Management to assess subscriber usage patterns and inform targeted marketing campaigns."
1172,360_Idd_Voice_MoU_LMTD,"This KPI measures the limited international direct dialing voice minutes of use, likely derived from call detail records, and is used in customer value management to assess subscriber behavior and usage patterns, represented as a numeric value."
1173,360_Idd_Voice_Rev_WK1,"This KPI measures the revenue generated from IDD voice services in Week 1, likely derived from call detail records. It's a numeric value used in CVM rule engines to assess customer value, with its type being java.lang.Double, indicating a precise revenue measurement."
1174,360_Idd_Voice_Rev_WK2,"This KPI measures the revenue generated from IDD voice services in the second week, likely derived from call detail records. It's a numeric value used in CVM rule engines to assess customer value, with a weekly temporal classification."
1175,360_Idd_Voice_Rev_WK3,"This KPI measures the revenue generated from international direct dial (IDD) voice calls in the third week, likely derived from call detail records. It's a numeric value used in CVM rule engines to assess customer value, with a weekly temporal classification."
1176,360_Idd_Voice_Rev_WK4,"This KPI measures the International Direct Dialing (IDD) voice revenue for Week 4, likely derived from call detail records. It's a numeric value (java.lang.Double) used in Customer Value Management rule engines to assess subscriber behavior and revenue performance."
1177,360_Idd_Voice_Rev_WK5,"This KPI measures the revenue generated from IDD voice services in Week 5, likely derived from call detail records. It's a numeric value used in CVM rule engines to assess customer value, with its purpose being to inform targeted marketing or retention strategies."
1178,360_Idd_Voice_Rev_WK6,"Idd_Voice_Rev_WK6 measures weekly international call revenue, likely derived from call detail records, indicating customer value for CVM rule engine, stored as a Double type, capturing telecom usage performance."
1179,360_Idd_Voice_Rev_WK7,"Idd_Voice_Rev_WK7 measures weekly international call revenue, likely derived from call detail records. As a numeric KPI in a CVM rule engine, it assesses subscriber value. Its double data type indicates precise revenue tracking, enabling targeted telecom marketing campaigns."
1180,360_Idd_Voice_Rev_WK8,"This KPI measures the International Direct Dialing (IDD) voice revenue for week 8, likely derived from call detail records. It's a numeric value used in Customer Value Management to assess subscriber behavior and revenue performance."
1181,360_Top_1st_Favourite_Country_M1,"This KPI measures the top favourite country of a subscriber in the last month, likely derived from call detail records. It's a categorical variable used in CVM rule engines to understand subscriber behaviour and tailor marketing campaigns."
1182,360_Top_2nd_Favourite_Country_M1,"The KPI '360_Top_2nd_Favourite_Country_M1' measures a subscriber's second most preferred country for telecom usage in the last month, categorized as a string variable, likely derived from call detail records, and used in CVM rule engines to tailor customer value management strategies."
1183,360_Top_3rd_Favourite_Country_M1,"This KPI measures a customer's third most frequently visited country in the last month, categorized as a string variable. It's used in CVM rule engines to analyze subscriber roaming behavior and tailor marketing campaigns accordingly."
1184,360_Top_1st_Favourite_Country_M2,"This KPI measures a customer's top favourite country for telecom usage over a 2-month period, categorized as a string variable. It's used in CVM rule engines to analyze subscriber behaviour and tailor marketing strategies."
1185,360_Top_2nd_Favourite_Country_M2,"Measures the top 2nd favourite country for telecom subscribers based on a specific metric (M2), likely derived from call detail records, categorized as a string variable, used in CVM rule engine for customer value management."
1186,360_Top_3rd_Favourite_Country_M2,"This KPI measures a customer's 3rd favourite country for telecom usage, derived from call detail records, categorized as a string variable, likely used in CVM rule engines to identify customer roaming preferences."
1187,360_Top_1st_Favourite_Country_MTD,"This KPI measures the top favourite country for a subscriber on a month-to-date basis, likely derived from call detail records. It's a categorical variable used in CVM rule engines to understand subscriber behaviour and tailor marketing campaigns."
1188,360_Top_2nd_Favourite_Country_MTD,"This KPI measures the top second favourite country for telecom subscribers on a month-to-date basis, indicating customer roaming behaviour. It's a categorical metric derived from call detail records, used in CVM rule engines to personalize customer engagement and offers."
1189,360_Top_3rd_Favourite_Country_MTD,"This KPI measures a customer's top 3rd favourite country MTD, indicating their roaming preference. It's a categorical metric, likely derived from CDRs, used in CVM rule engines to personalize telecom services and promotions based on customer behaviour."
1190,360_Most_Roaming_Country_90D,"The '360_Most_Roaming_Country_90D' KPI measures the most frequent roaming country for a subscriber over the last 90 days, categorized as a java.lang.String, likely derived from CDRs, and used in CVM rule engines to assess customer roaming behavior and value."
1191,360_Most_Roaming_Country_60D,"The '360_Most_Roaming_Country_60D' KPI measures the most frequent roaming country for a subscriber over the last 60 days, categorized as a java.lang.String. It's used in CVM rule engines to assess roaming behavior, likely derived from CDRs, and informs targeted marketing or customer retention strategies."
1192,360_Most_Roaming_Country_30D,"The '360_Most_Roaming_Country_30D' KPI measures the most frequent roaming country for a subscriber over the last 30 days, categorized as a string variable. It's used in CVM rule engines to analyze roaming behavior, likely derived from CDR data, and informs targeted marketing or customer retention strategies."
1193,360_Overall_Roaming_Flag_7D,"The 360_Overall_Roaming_Flag_7D KPI measures whether a customer has roamed in the last 7 days. It's a categorical metric used in CVM rule engines to assess customer behavior. Derived from CDRs, it's likely a flag indicating roaming activity, stored as a string value."
1194,360_Overall_Roaming_Flag_30D,"The 360_Overall_Roaming_Flag_30D KPI measures whether a customer has roamed within the last 30 days. It's a categorical metric, likely derived from CDRs, used in CVM rule engines to assess customer behavior and tailor marketing strategies based on roaming activity."
1195,360_Overall_Roaming_Flag_60D,"The 360_Overall_Roaming_Flag_60D KPI measures whether a subscriber has roamed within the last 60 days. It's a categorical metric, likely derived from call detail records, used in CVM rule engines to assess customer behavior and tailor marketing strategies."
1196,360_Idd_Philippines_Calling_Flag_90D,"This KPI measures whether a customer has made international calls to the Philippines within the last 90 days. It's a categorical flag derived from call detail records, used in CVM rule engines to identify valuable subscribers with specific calling behaviors."
1197,Vas_Rev_60D,"VAS Revenue over 60 days, a numeric KPI measuring subscriber value, likely derived from call detail records, used in CVM rule engines to assess customer revenue generation over a 60-day period."
1198,Vas_Rev_30D,"Vas_Rev_30D measures the total revenue from Value-Added Services over the last 30 days, likely derived from CDRs, categorized under GROUP_ID 105, stored as a java.lang.Double, indicating a numeric, time-based metric used in CVM rule engines to assess customer value."
1199,Vas_Rev_1D,"Vas_Rev_1D measures daily revenue from value-added services, likely derived from call detail records. It's a numeric KPI used in CVM rule engines to assess subscriber behavior and transaction performance, enabling targeted campaigns based on daily usage patterns."
1200,Active_Base_90D,"The Active_Base_90D KPI measures the count or status of active subscribers within the last 90 days, likely derived from call detail records or usage data, and is used in CVM rule engines to identify valuable customer segments, with values stored as a string type."
1201,Active_Base_30D,"The Active_Base_30D KPI measures the count or status of active subscribers within the last 30 days, likely derived from usage or transaction data. It's used in CVM rule engines to identify engaged customers, with values stored as a string type."
1202,Active_Base_7D,"The Active_Base_7D KPI measures the count of active subscribers over the last 7 days, likely derived from call detail records. It's a string-typed metric used in CVM rule engines to assess customer engagement, with its value stored in the Active_Base_7D column."
1203,Active_Base_1D,"The Active_Base_1D KPI measures the count or status of active subscribers within the last day, likely derived from call detail records or usage data, and is used in CVM rule engines to assess customer engagement, with values stored as a string and no specific date type indicated."
1204,Avg_Rev_Lst_3_Mnths,"Average revenue over the last 3 months, a numeric KPI measuring customer value, likely derived from call detail records and recharge data, used in CVM rule engines to assess customer profitability and inform targeted marketing campaigns."
1205,Total_Recharge_wk1,"Total_Recharge_wk1 measures the total recharge amount for a subscriber in the first week, likely derived from weekly aggregated recharge data, used in CVM rule engines to assess customer value with a numeric (java.lang.Double) value."
1206,Total_Recharge_wk2,"Total_Recharge_wk2 measures the total recharge amount for a subscriber in week 2, likely derived from weekly aggregated recharge data. It's a numeric KPI used in CVM rule engines to assess customer value, with values stored as java.lang.Double."
1207,Total_Recharge_wk3,"Total_Recharge_wk3 measures the total recharge amount for a subscriber in week 3, likely derived from call detail records, used in CVM rule engines to assess customer value, categorized under GROUP_ID 106, stored as a java.lang.Double value."
1208,Total_Recharge_wk4,"Total_Recharge_wk4 measures the total recharge amount for a customer over four weeks, likely derived from cumulative recharge data. It's used in CVM rule engines to assess customer value, with values stored as java.lang.Double, indicating a numeric measurement."
1209,Total_Recharge_wk5,"Total_Recharge_wk5 measures the total recharge amount for a subscriber in week 5, likely derived from recharge transactions. It's a numeric KPI used in CVM rule engines to assess customer value. Its double data type allows for precise monetary values."
1210,Total_Recharge_wk6,"Total_Recharge_wk6 measures the total recharge amount for a subscriber in week 6, likely derived from call detail records, used in CVM rule engines to assess customer value, with values stored as java.lang.Double, indicating a numeric, possibly cumulative metric."
1211,Total_Recharge_wk7,"Total_Recharge_wk7 measures the total recharge amount for a subscriber over a week, likely derived from weekly aggregated CDRs. It's a numeric KPI used in CVM rule engines to assess customer value, with values stored as java.lang.Double."
1212,Total_Recharge_wk8,"Total_Recharge_wk8 measures the total recharge amount for a subscriber over an 8-week period, likely derived from cumulative recharge data. It's a numeric KPI used in CVM rule engines to assess customer value, with values stored as java.lang.Double."
1213,Recharge_90D,"Recharge_90D measures the recharge status over 90 days, likely a categorical indicator of whether a customer recharged within this period. It's used in CVM rule engines to assess customer engagement and value. The metric is stored as a string, indicating a qualitative assessment."
1214,Recharge_30D,"Recharge_30D measures the recharge status of telecom subscribers over 30 days, likely derived from recharge transactions. It's a categorical metric used in CVM rule engines to assess customer value. The metric is stored as a string and lacks a specific temporal classification."
1215,Recharge_7D,"Recharge_7D measures the recharge activity within a 7-day period, likely derived from CDRs, indicating customer engagement and value. It's a categorical string metric used in CVM rule engines to assess short-term recharge behavior, enabling targeted telecom campaigns."
1216,Recharge_1D,"Recharge_1D measures daily recharge activity, likely derived from CDRs, indicating subscriber engagement. As a string variable, it's used in CVM rule engines to assess customer value. Its daily temporal classification enables timely campaign triggers."
1217,Recharge_Dormancy_7D,"Recharge_Dormancy_7D measures the 7-day recharge dormancy status of telecom subscribers, indicating inactive recharge behavior. It's a categorical string metric used in CVM rule engines to identify dormant customers, likely derived from recharge transaction records."
1218,Recharge_Dormancy_3D,"Recharge_Dormancy_3D measures the duration since a subscriber's last recharge, categorized as a string value, likely used in CVM rule engines to identify dormant customers, with its relevance tied to customer engagement and retention strategies."
1219,Recharge_Dormancy_30D,"Recharge_Dormancy_30D measures the dormancy status of a subscriber's recharge activity over 30 days, likely derived from recharge transaction data, used in CVM rule engines to identify inactive customers, categorized under GROUP_ID 106, stored as a java.lang.String variable."
1220,Recharge_Count_90D,"Recharge_Count_90D measures the number of recharges made by a subscriber within the last 90 days, indicating customer engagement and value. It's a categorical string metric used in CVM rule engines to assess customer behavior and tailor marketing strategies."
1221,Recharge_Count_60D,"Recharge_Count_60D measures the number of recharges made by a subscriber within 60 days, likely derived from telecom transaction records. It's a string-typed KPI used in CVM rule engines to assess customer recharge behavior and value, with a temporal context of 60 days."
1222,Recharge_Count_30D,"Recharge_Count_30D measures the number of recharges made by a subscriber within the last 30 days, likely derived from recharge transaction records, and is used in CVM rule engines to assess customer engagement and value, categorized under GROUP_ID 106 as a string variable."
1223,Recharge_Amount_90D,"Recharge_Amount_90D measures the total recharge amount for a subscriber over the last 90 days, likely derived from cumulative recharge transactions. It's a numeric KPI used in CVM rule engines to assess customer value and loyalty, with values stored as java.lang.Double."
1224,Recharge_Amount_60D,"Recharge_Amount_60D measures the total recharge amount for a subscriber over 60 days, likely derived from cumulative recharge data. It's a numeric KPI used in CVM rule engines to assess customer value, with values stored as java.lang.Double, enabling targeted marketing strategies based on recharge behavior."
1225,Recharge_Amount_30D,"Recharge_Amount_30D measures the total recharge amount over 30 days, likely derived from customer transaction data. It's a numeric KPI used in CVM rule engines to assess customer value. Its double data type allows for precise monetary calculations, enabling targeted telecom marketing campaigns."
1226,Most_Rech_Denom_90D,"Most_Rech_Denom_90D measures the most frequent recharge denomination for a subscriber over 90 days, indicating recharge behavior and value. It's a numeric KPI, likely derived from recharge data, used in CVM rule engines to assess customer value and tailor marketing strategies."
1227,Max_Rech_Value_90D,"Max_Rech_Value_90D measures the maximum recharge value over 90 days, indicating a customer's peak spending on recharges. It's a numeric KPI used in CVM rule engines to assess customer value, derived from recharge data, and is likely used to identify high-value customers."
1228,Last_Rech_Date_90D,"The 'Last_Rech_Date_90D' KPI measures the most recent recharge date within the last 90 days for telecom subscribers, indicating recent activity. It's a date-type variable used in CVM rule engines to assess customer engagement and value."
1229,Avg_Days_Rech,"Avg_Days_Rech measures the average number of days between recharges, indicating customer engagement and value. Derived from recharge data, it's a numeric KPI used in CVM rule engines to assess customer loyalty and retention, with integer values."
1230,Fav_Rech_Denom_MTD,"Fav_Rech_Denom_MTD measures the average recharge denomination for a telecom subscriber on a monthly basis, likely derived from recharge transaction data. It's used in CVM rule engines to assess customer value, with values stored as java.lang.Double, enabling targeted marketing campaigns based on recharge behavior."
1231,Fav_Rech_Denom_M1,"Fav_Rech_Denom_M1 measures the average recharge denomination for a telecom subscriber over a month, likely derived from recharge transaction data. It's a numeric KPI used in CVM rule engines to assess customer value and tailor marketing campaigns."
1232,Fav_Rech_Denom_M2,"Fav_Rech_Denom_M2 measures the average recharge denomination for a telecom subscriber over a month, likely derived from recharge transaction data. It's a numeric KPI used in CVM rule engines to assess customer value and tailor marketing campaigns."
1233,Fav_Rech_Day_MTD,"Fav_Rech_Day_MTD measures the count of recharge events per day, month-to-date, indicating subscriber engagement and recharge frequency. It's a numeric KPI, likely derived from call detail records, used in CVM rule engines to assess customer value and tailor marketing campaigns."
1234,Fav_Rech_Day_M1,"Fav_Rech_Day_M1 measures the count of recharge events per day, likely derived from CDRs, indicating subscriber engagement. As an integer value, it's used in CVM rule engines to assess daily recharge patterns, enabling targeted campaigns."
1235,Fav_Rech_Day_M2,"Fav_Rech_Day_M2 measures the count of recharge events per day, likely derived from CDRs, indicating subscriber engagement. As an integer value, it's used in CVM rule engines to assess daily recharge patterns, enabling targeted campaigns."
1236,Fav_Recharge_Channel_MTD,"Fav_Recharge_Channel_MTD measures the preferred recharge channel for subscribers on a month-to-date basis, likely derived from transaction records. It's a categorical metric used in CVM rule engines to analyze customer behavior and tailor marketing strategies."
1237,Fav_Recharge_Channel_M1,"Fav_Recharge_Channel_M1 measures the preferred recharge channel for subscribers, likely derived from transaction data, indicating customer behavior and used in CVM rule engines to tailor campaigns, categorized under GROUP_ID 106 as a java.lang.String variable."
1238,Fav_Recharge_Channel_M2,"Fav_Recharge_Channel_M2 measures the preferred recharge channel for subscribers, likely derived from transaction data, indicating customer behavior and preferences. It's a categorical metric used in CVM rule engines to tailor campaigns, with values stored as java.lang.String."
1239,Id_Acct,"Id_Acct is an integer identifier for customer accounts in telecom CVM rule engines, likely used for tracking and analyzing subscriber behavior and transactions, categorized under group 107, with values stored in the Id_Acct column."
1240,Payment_Channel_M1,"Payment_Channel_M1 measures the payment channel usage, likely derived from transaction data, as a categorical string value. It's used in CVM rule engines to assess customer behavior, with its relevance tied to campaign targeting and customer value assessment."
1241,Payment_Channel_M2,"Payment_Channel_M2 measures the usage or preference of a specific payment channel, likely derived from transaction data, categorized as a string variable, used in CVM rule engines to assess customer behavior or value."
1242,Payment_Channel_M3,"Payment_Channel_M3 measures a subscriber's payment channel usage over three months, likely derived from transaction records. It's a categorical string metric used in CVM rule engines to assess customer behavior and tailor campaigns, with a monthly temporal classification."
1243,Payment_Channel_MTD,"Payment_Channel_MTD measures the payment channel usage for a customer over a month-to-date period, likely derived from transaction records. It's a categorical KPI used in CVM rule engines to assess customer behavior and tailor marketing strategies."
1244,Payment_Amount_M1,"Payment_Amount_M1 measures the total payment amount for a subscriber in the last month, likely derived from transactional data. It's used in CVM rule engines to assess customer value. The numeric value is stored as a java.lang.Double, indicating a quantitative metric."
1245,Payment_Amount_M2,"Payment_Amount_M2 measures the total payment amount for a subscriber over a month, likely derived from recharge or transaction data. It's used in CVM rule engines to assess customer value, with values stored as java.lang.Double, enabling monthly-based customer value management and analysis."
1246,Payment_Amount_M3,"Payment_Amount_M3 measures the total payment amount over the last three months, likely derived from customer transaction records. It's a numeric KPI used in CVM rule engines to assess customer value, with a monthly temporal classification."
1247,Payment_Amount_MTD,"Payment_Amount_MTD measures the total payment amount made by a subscriber within the current month. It's a numeric value derived from transaction records, used in CVM rule engines to assess customer value. The metric is likely calculated cumulatively throughout the month, reflecting the subscriber's monthly payment behavior."
1248,Customer360_Rech_MDN,"Customer360_Rech_MDN measures a subscriber's recharge behavior, likely derived from CDRs, categorized under GROUP_ID 106, and stored as a java.lang.String. It's used in CVM rule engines to assess customer value, with its temporal characteristics undefined."
1249,Customer360_Pay_MDN,"Customer360_Pay_MDN is a string-typed KPI representing a subscriber's mobile number, likely used in CVM rule engines to identify and manage customer profiles. It's part of a group (ID: 107) and stored in a column named Customer360_Pay_MDN, with no specified temporal classification."